{"cameraMode":{"drawMode":0,"name":"Shaded","section":"Shading Mode"},"sceneLighting":false,"audioPlay":false,"sceneViewState":{"showFog":true,"showMaterialUpdate":false,"showSkybox":true,"showFlares":true,"showImageEffects":true,"showParticleSystems":true},"in2DMode":false,"pivot":{"x":-0.13699500262737275,"y":0.38366755843162539,"z":0.11097943782806397},"rotation":{"x":-0.09602541476488114,"y":0.052826013416051868,"z":-0.005103412549942732,"w":-0.9939640164375305},"size":1.8073949813842774,"orthographic":false}